path,label
0.jpg,jones
1.jpg,jones
2.jpg,jones
3.jpg,jones
4.jpg,jones
5.jpg,jones
6.jpg,jones
7.jpg,jones
8.jpg,jones
9.jpg,jones
10.jpg,taylor
11.jpg,taylor
12.jpg,taylor
13.jpg,taylor
14.jpg,taylor
15.jpg,taylor
16.jpg,taylor
17.jpg,taylor
18.jpg,taylor
19.jpg,taylor
20.jpg,anderson
21.jpg,anderson
22.jpg,anderson
23.jpg,anderson
24.jpg,anderson
25.jpg,anderson
26.jpg,anderson
27.jpg,anderson
28.jpg,anderson
29.jpg,anderson
30.jpg,wilson
31.jpg,wilson
32.jpg,wilson
33.jpg,wilson
34.jpg,wilson
35.jpg,wilson
36.jpg,wilson
37.jpg,wilson
38.jpg,wilson
39.jpg,wilson
40.jpg,williams
41.jpg,williams
42.jpg,williams
43.jpg,williams
44.jpg,williams
45.jpg,williams
46.jpg,williams
47.jpg,williams
48.jpg,williams
49.jpg,williams
50.jpg,evans
51.jpg,evans
52.jpg,evans
53.jpg,evans
54.jpg,evans
55.jpg,evans
56.jpg,evans
57.jpg,evans
58.jpg,evans
59.jpg,evans
60.jpg,campbell
61.jpg,campbell
62.jpg,campbell
63.jpg,campbell
64.jpg,campbell
65.jpg,campbell
66.jpg,campbell
67.jpg,campbell
68.jpg,campbell
69.jpg,campbell
70.jpg,wright
71.jpg,wright
72.jpg,wright
73.jpg,wright
74.jpg,wright
75.jpg,wright
76.jpg,wright
77.jpg,wright
78.jpg,wright
79.jpg,wright
80.jpg,lewis
81.jpg,lewis
82.jpg,lewis
83.jpg,lewis
84.jpg,lewis
85.jpg,lewis
86.jpg,lewis
87.jpg,lewis
88.jpg,lewis
89.jpg,lewis
90.jpg,allen
91.jpg,allen
92.jpg,allen
93.jpg,allen
94.jpg,allen
95.jpg,allen
96.jpg,allen
97.jpg,allen
98.jpg,allen
99.jpg,allen
100.jpg,morgan
101.jpg,morgan
102.jpg,morgan
103.jpg,morgan
104.jpg,morgan
105.jpg,morgan
106.jpg,morgan
107.jpg,morgan
108.jpg,morgan
109.jpg,morgan
110.jpg,davies
111.jpg,davies
112.jpg,davies
113.jpg,davies
114.jpg,davies
115.jpg,davies
116.jpg,davies
117.jpg,davies
118.jpg,davies
119.jpg,davies
120.jpg,stewart
121.jpg,stewart
122.jpg,stewart
123.jpg,stewart
124.jpg,stewart
125.jpg,stewart
126.jpg,stewart
127.jpg,stewart
128.jpg,stewart
129.jpg,stewart
130.jpg,ellis
131.jpg,ellis
132.jpg,ellis
133.jpg,ellis
134.jpg,ellis
135.jpg,ellis
136.jpg,ellis
137.jpg,ellis
138.jpg,ellis
139.jpg,ellis
140.jpg,shaw
141.jpg,shaw
142.jpg,shaw
143.jpg,shaw
144.jpg,shaw
145.jpg,shaw
146.jpg,shaw
147.jpg,shaw
148.jpg,shaw
149.jpg,shaw
150.jpg,clarke
151.jpg,clarke
152.jpg,clarke
153.jpg,clarke
154.jpg,clarke
155.jpg,clarke
156.jpg,clarke
157.jpg,clarke
158.jpg,clarke
159.jpg,clarke
160.jpg,smith
161.jpg,smith
162.jpg,smith
163.jpg,smith
164.jpg,smith
165.jpg,smith
166.jpg,smith
167.jpg,smith
168.jpg,smith
169.jpg,smith
170.jpg,brown
171.jpg,brown
172.jpg,brown
173.jpg,brown
174.jpg,brown
175.jpg,brown
176.jpg,brown
177.jpg,brown
178.jpg,brown
179.jpg,brown
180.jpg,burton
181.jpg,burton
182.jpg,burton
183.jpg,burton
184.jpg,burton
185.jpg,burton
186.jpg,burton
187.jpg,burton
188.jpg,burton
189.jpg,burton
190.jpg,walker
191.jpg,walker
192.jpg,walker
193.jpg,walker
194.jpg,walker
195.jpg,walker
196.jpg,walker
197.jpg,walker
198.jpg,walker
199.jpg,walker
200.jpg,robinson
201.jpg,robinson
202.jpg,robinson
203.jpg,robinson
204.jpg,robinson
205.jpg,robinson
206.jpg,robinson
207.jpg,robinson
208.jpg,robinson
209.jpg,robinson
210.jpg,stevens
211.jpg,stevens
212.jpg,stevens
213.jpg,stevens
214.jpg,stevens
215.jpg,stevens
216.jpg,stevens
217.jpg,stevens
218.jpg,stevens
219.jpg,stevens
220.jpg,oryan
221.jpg,oryan
222.jpg,oryan
223.jpg,oryan
224.jpg,oryan
225.jpg,oryan
226.jpg,oryan
227.jpg,oryan
228.jpg,oryan
229.jpg,oryan
230.jpg,adams
231.jpg,adams
232.jpg,adams
233.jpg,adams
234.jpg,adams
235.jpg,adams
236.jpg,adams
237.jpg,adams
238.jpg,adams
239.jpg,adams
240.jpg,harris
241.jpg,harris
242.jpg,harris
243.jpg,harris
244.jpg,harris
245.jpg,harris
246.jpg,harris
247.jpg,harris
248.jpg,harris
249.jpg,harris
250.jpg,obrien
251.jpg,obrien
252.jpg,obrien
253.jpg,obrien
254.jpg,obrien
255.jpg,obrien
256.jpg,obrien
257.jpg,obrien
258.jpg,obrien
259.jpg,obrien
260.jpg,cooper
261.jpg,cooper
262.jpg,cooper
263.jpg,cooper
264.jpg,cooper
265.jpg,cooper
266.jpg,cooper
267.jpg,cooper
268.jpg,cooper
269.jpg,cooper
270.jpg,oliver
271.jpg,oliver
272.jpg,oliver
273.jpg,oliver
274.jpg,oliver
275.jpg,oliver
276.jpg,oliver
277.jpg,oliver
278.jpg,oliver
279.jpg,oliver
280.jpg,johnson
281.jpg,johnson
282.jpg,johnson
283.jpg,johnson
284.jpg,johnson
285.jpg,johnson
286.jpg,johnson
287.jpg,johnson
288.jpg,johnson
289.jpg,johnson
290.jpg,smith
291.jpg,smith
292.jpg,smith
293.jpg,smith
294.jpg,smith
295.jpg,smith
296.jpg,smith
297.jpg,smith
298.jpg,smith
299.jpg,smith
300.jpg,parker
301.jpg,parker
302.jpg,parker
303.jpg,parker
304.jpg,parker
305.jpg,parker
306.jpg,parker
307.jpg,parker
308.jpg,parker
309.jpg,parker
310.jpg,pearson
311.jpg,pearson
312.jpg,pearson
313.jpg,pearson
314.jpg,pearson
315.jpg,pearson
316.jpg,pearson
317.jpg,pearson
318.jpg,pearson
319.jpg,pearson
320.jpg,galop
321.jpg,galop
322.jpg,galop
323.jpg,galop
324.jpg,galop
325.jpg,galop
326.jpg,galop
327.jpg,galop
328.jpg,galop
329.jpg,galop
330.jpg,geary
331.jpg,geary
332.jpg,geary
333.jpg,geary
334.jpg,geary
335.jpg,geary
336.jpg,geary
337.jpg,geary
338.jpg,geary
339.jpg,geary
340.jpg,fancott
341.jpg,fancott
342.jpg,fancott
343.jpg,fancott
344.jpg,fancott
345.jpg,fancott
346.jpg,fancott
347.jpg,fancott
348.jpg,fancott
349.jpg,fancott
350.jpg,nappet
351.jpg,nappet
352.jpg,nappet
353.jpg,nappet
354.jpg,nappet
355.jpg,nappet
356.jpg,nappet
357.jpg,nappet
358.jpg,nappet
359.jpg,nappet
360.jpg,norl
361.jpg,norl
362.jpg,norl
363.jpg,norl
364.jpg,norl
365.jpg,norl
366.jpg,norl
367.jpg,norl
368.jpg,norl
369.jpg,norl
370.jpg,clerk
371.jpg,clerk
372.jpg,clerk
373.jpg,clerk
374.jpg,clerk
375.jpg,clerk
376.jpg,clerk
377.jpg,clerk
378.jpg,clerk
379.jpg,clerk
380.jpg,quartermain
381.jpg,quartermain
382.jpg,quartermain
383.jpg,quartermain
384.jpg,quartermain
385.jpg,quartermain
386.jpg,quartermain
387.jpg,quartermain
388.jpg,quartermain
389.jpg,quartermain
390.jpg,vaux
391.jpg,vaux
392.jpg,vaux
393.jpg,vaux
394.jpg,vaux
395.jpg,vaux
396.jpg,vaux
397.jpg,vaux
398.jpg,vaux
399.jpg,vaux
